Model,MSRP,Build URL,Image URL_x,MPG,Category,Name,Price/Details,Image URL_y
LE,"$28,350",https://www.toyota.com/configurator/build/step/model/year/2025/series/prius/model/1223/?bap_guid=dc541828-826f-4ce2-8755-5580889662bf,"https://tmnaassetscs.scene7.com/is/image/tmnaassetscs/vcr/live/vehicle/TOY/2025/prius/1223/967/4001aa573b30c05b0042a22782493aabbfd5db1447e9fe0ebd044692430d0ca7.png?wid=750&fmt=webp-alpha&cropN=0.1,0.16,0.78,0.8",57/56,Exterior,Cutting Edge,Included,"https://tmnaassetscs.scene7.com/is/image/tmnaassetscs/vcr/live/vehicle/TOY/2025/prius/1223/632/fb9081d00279a442dd6f7378646a0f7c1059317d1ceea73ef343fbeb6a044f47.png?wid=1600&fmt=webp-alpha&cropN=0.04,0.08,0.92,.84"
LE,"$28,350",https://www.toyota.com/configurator/build/step/model/year/2025/series/prius/model/1223/?bap_guid=dc541828-826f-4ce2-8755-5580889662bf,"https://tmnaassetscs.scene7.com/is/image/tmnaassetscs/vcr/live/vehicle/TOY/2025/prius/1223/967/4001aa573b30c05b0042a22782493aabbfd5db1447e9fe0ebd044692430d0ca7.png?wid=750&fmt=webp-alpha&cropN=0.1,0.16,0.78,0.8",57/56,Exterior,Guardian Gray,Included,"https://tmnaassetscs.scene7.com/is/image/tmnaassetscs/vcr/live/vehicle/TOY/2025/prius/1223/320/08d3ec50c100f5bfbeb63b2ae82b423ebb86bc54ecf64f8a732121332c9edf88.png?wid=1600&fmt=webp-alpha&cropN=0.04,0.08,0.92,.84"
LE,"$28,350",https://www.toyota.com/configurator/build/step/model/year/2025/series/prius/model/1223/?bap_guid=dc541828-826f-4ce2-8755-5580889662bf,"https://tmnaassetscs.scene7.com/is/image/tmnaassetscs/vcr/live/vehicle/TOY/2025/prius/1223/967/4001aa573b30c05b0042a22782493aabbfd5db1447e9fe0ebd044692430d0ca7.png?wid=750&fmt=webp-alpha&cropN=0.1,0.16,0.78,0.8",57/56,Exterior,Midnight Black Metallic,Included,"https://tmnaassetscs.scene7.com/is/image/tmnaassetscs/vcr/live/vehicle/TOY/2025/prius/1223/967/43e360f77d0be9ed728a4eed0e711c9cdc736140568dbb2dd718d0e826a628a1.png?wid=1600&fmt=webp-alpha&cropN=0.04,0.08,0.92,.84"
LE,"$28,350",https://www.toyota.com/configurator/build/step/model/year/2025/series/prius/model/1223/?bap_guid=dc541828-826f-4ce2-8755-5580889662bf,"https://tmnaassetscs.scene7.com/is/image/tmnaassetscs/vcr/live/vehicle/TOY/2025/prius/1223/967/4001aa573b30c05b0042a22782493aabbfd5db1447e9fe0ebd044692430d0ca7.png?wid=750&fmt=webp-alpha&cropN=0.1,0.16,0.78,0.8",57/56,Exterior,Supersonic Red *,$475,"https://tmnaassetscs.scene7.com/is/image/tmnaassetscs/vcr/live/vehicle/TOY/2025/prius/1223/440/f85ed0f05c0a4a3d6346be0ac42d8ce5ad6f05ba9eea8d7273f37f299d935f8c.png?wid=1600&fmt=webp-alpha&cropN=0.04,0.08,0.92,.84"
LE,"$28,350",https://www.toyota.com/configurator/build/step/model/year/2025/series/prius/model/1223/?bap_guid=dc541828-826f-4ce2-8755-5580889662bf,"https://tmnaassetscs.scene7.com/is/image/tmnaassetscs/vcr/live/vehicle/TOY/2025/prius/1223/967/4001aa573b30c05b0042a22782493aabbfd5db1447e9fe0ebd044692430d0ca7.png?wid=750&fmt=webp-alpha&cropN=0.1,0.16,0.78,0.8",57/56,Exterior,Wind Chill Pearl *,$475,"https://tmnaassetscs.scene7.com/is/image/tmnaassetscs/vcr/live/vehicle/TOY/2025/prius/1223/967/4001aa573b30c05b0042a22782493aabbfd5db1447e9fe0ebd044692430d0ca7.png?wid=1600&fmt=webp-alpha&cropN=0.04,0.08,0.92,.84"
LE,"$28,350",https://www.toyota.com/configurator/build/step/model/year/2025/series/prius/model/1223/?bap_guid=dc541828-826f-4ce2-8755-5580889662bf,"https://tmnaassetscs.scene7.com/is/image/tmnaassetscs/vcr/live/vehicle/TOY/2025/prius/1223/967/4001aa573b30c05b0042a22782493aabbfd5db1447e9fe0ebd044692430d0ca7.png?wid=750&fmt=webp-alpha&cropN=0.1,0.16,0.78,0.8",57/56,Exterior,Reservoir Blue,Included,"https://tmnaassetscs.scene7.com/is/image/tmnaassetscs/vcr/live/vehicle/TOY/2025/prius/1223/880/01e97450a1d0162aa64bed28ad34bd4d13f571369dd13f9763f1a813a678134d.png?wid=1600&fmt=webp-alpha&cropN=0.04,0.08,0.92,.84"
LE,"$28,350",https://www.toyota.com/configurator/build/step/model/year/2025/series/prius/model/1223/?bap_guid=dc541828-826f-4ce2-8755-5580889662bf,"https://tmnaassetscs.scene7.com/is/image/tmnaassetscs/vcr/live/vehicle/TOY/2025/prius/1223/967/4001aa573b30c05b0042a22782493aabbfd5db1447e9fe0ebd044692430d0ca7.png?wid=750&fmt=webp-alpha&cropN=0.1,0.16,0.78,0.8",57/56,Interior,Lt. Gray,Included,
LE,"$28,350",https://www.toyota.com/configurator/build/step/model/year/2025/series/prius/model/1223/?bap_guid=dc541828-826f-4ce2-8755-5580889662bf,"https://tmnaassetscs.scene7.com/is/image/tmnaassetscs/vcr/live/vehicle/TOY/2025/prius/1223/967/4001aa573b30c05b0042a22782493aabbfd5db1447e9fe0ebd044692430d0ca7.png?wid=750&fmt=webp-alpha&cropN=0.1,0.16,0.78,0.8",57/56,Interior,Gradient Black,Included,
LE,"$28,350",https://www.toyota.com/configurator/build/step/model/year/2025/series/prius/model/1223/?bap_guid=dc541828-826f-4ce2-8755-5580889662bf,"https://tmnaassetscs.scene7.com/is/image/tmnaassetscs/vcr/live/vehicle/TOY/2025/prius/1223/967/4001aa573b30c05b0042a22782493aabbfd5db1447e9fe0ebd044692430d0ca7.png?wid=750&fmt=webp-alpha&cropN=0.1,0.16,0.78,0.8",57/56,Engine,2.0L 4-Cyl. Hybrid Engine,Included,
LE,"$28,350",https://www.toyota.com/configurator/build/step/model/year/2025/series/prius/model/1223/?bap_guid=dc541828-826f-4ce2-8755-5580889662bf,"https://tmnaassetscs.scene7.com/is/image/tmnaassetscs/vcr/live/vehicle/TOY/2025/prius/1223/967/4001aa573b30c05b0042a22782493aabbfd5db1447e9fe0ebd044692430d0ca7.png?wid=750&fmt=webp-alpha&cropN=0.1,0.16,0.78,0.8",57/56,Transmission,Electronically controlled Continuously Variable Transmission (ECVT),Included,
LE,"$28,350",https://www.toyota.com/configurator/build/step/model/year/2025/series/prius/model/1223/?bap_guid=dc541828-826f-4ce2-8755-5580889662bf,"https://tmnaassetscs.scene7.com/is/image/tmnaassetscs/vcr/live/vehicle/TOY/2025/prius/1223/967/4001aa573b30c05b0042a22782493aabbfd5db1447e9fe0ebd044692430d0ca7.png?wid=750&fmt=webp-alpha&cropN=0.1,0.16,0.78,0.8",57/56,Drivetrain,Front-Wheel Drive,Included,
LE,"$28,350",https://www.toyota.com/configurator/build/step/model/year/2025/series/prius/model/1223/?bap_guid=dc541828-826f-4ce2-8755-5580889662bf,"https://tmnaassetscs.scene7.com/is/image/tmnaassetscs/vcr/live/vehicle/TOY/2025/prius/1223/967/4001aa573b30c05b0042a22782493aabbfd5db1447e9fe0ebd044692430d0ca7.png?wid=750&fmt=webp-alpha&cropN=0.1,0.16,0.78,0.8",57/56,Add-On,Front and Rear Parking Assist with Automatic Braking *,$35 MSRP,
LE AWD,"$29,750",https://www.toyota.com/configurator/build/step/model/year/2025/series/prius/model/1263/?bap_guid=dc541828-826f-4ce2-8755-5580889662bf,"https://tmnaassetscs.scene7.com/is/image/tmnaassetscs/vcr/live/vehicle/TOY/2025/prius/1263/421/8a1cd93568fbe06ea4e0e3aa0b86956d9bddd97512f43c509653f45bb64221b8.png?wid=750&fmt=webp-alpha&cropN=0.1,0.16,0.78,0.8",53/54,Exterior,Cutting Edge,Included,"https://tmnaassetscs.scene7.com/is/image/tmnaassetscs/vcr/live/vehicle/TOY/2025/prius/1263/96/cdec6ea088236ace1e4837f19b5f561d3afd94b6148dd65745e2592a9ab80f4c.png?wid=1600&fmt=webp-alpha&cropN=0.04,0.08,0.92,.84"
LE AWD,"$29,750",https://www.toyota.com/configurator/build/step/model/year/2025/series/prius/model/1263/?bap_guid=dc541828-826f-4ce2-8755-5580889662bf,"https://tmnaassetscs.scene7.com/is/image/tmnaassetscs/vcr/live/vehicle/TOY/2025/prius/1263/421/8a1cd93568fbe06ea4e0e3aa0b86956d9bddd97512f43c509653f45bb64221b8.png?wid=750&fmt=webp-alpha&cropN=0.1,0.16,0.78,0.8",53/54,Exterior,Guardian Gray,Included,"https://tmnaassetscs.scene7.com/is/image/tmnaassetscs/vcr/live/vehicle/TOY/2025/prius/1263/77/a95a861d995d6ea63f2b7de8580ce1687460fee6d2a270292c4c07389425f7bc.png?wid=1600&fmt=webp-alpha&cropN=0.04,0.08,0.92,.84"
LE AWD,"$29,750",https://www.toyota.com/configurator/build/step/model/year/2025/series/prius/model/1263/?bap_guid=dc541828-826f-4ce2-8755-5580889662bf,"https://tmnaassetscs.scene7.com/is/image/tmnaassetscs/vcr/live/vehicle/TOY/2025/prius/1263/421/8a1cd93568fbe06ea4e0e3aa0b86956d9bddd97512f43c509653f45bb64221b8.png?wid=750&fmt=webp-alpha&cropN=0.1,0.16,0.78,0.8",53/54,Exterior,Midnight Black Metallic,Included,"https://tmnaassetscs.scene7.com/is/image/tmnaassetscs/vcr/live/vehicle/TOY/2025/prius/1263/421/8a1cd93568fbe06ea4e0e3aa0b86956d9bddd97512f43c509653f45bb64221b8.png?wid=1600&fmt=webp-alpha&cropN=0.04,0.08,0.92,.84"
LE AWD,"$29,750",https://www.toyota.com/configurator/build/step/model/year/2025/series/prius/model/1263/?bap_guid=dc541828-826f-4ce2-8755-5580889662bf,"https://tmnaassetscs.scene7.com/is/image/tmnaassetscs/vcr/live/vehicle/TOY/2025/prius/1263/421/8a1cd93568fbe06ea4e0e3aa0b86956d9bddd97512f43c509653f45bb64221b8.png?wid=750&fmt=webp-alpha&cropN=0.1,0.16,0.78,0.8",53/54,Exterior,Supersonic Red *,$475,"https://tmnaassetscs.scene7.com/is/image/tmnaassetscs/vcr/live/vehicle/TOY/2025/prius/1263/332/61c30f149c78d6f46d777d286e4cf78ec342e8bd95139999b810aa413ab72028.png?wid=1600&fmt=webp-alpha&cropN=0.04,0.08,0.92,.84"
LE AWD,"$29,750",https://www.toyota.com/configurator/build/step/model/year/2025/series/prius/model/1263/?bap_guid=dc541828-826f-4ce2-8755-5580889662bf,"https://tmnaassetscs.scene7.com/is/image/tmnaassetscs/vcr/live/vehicle/TOY/2025/prius/1263/421/8a1cd93568fbe06ea4e0e3aa0b86956d9bddd97512f43c509653f45bb64221b8.png?wid=750&fmt=webp-alpha&cropN=0.1,0.16,0.78,0.8",53/54,Exterior,Wind Chill Pearl *,$475,"https://tmnaassetscs.scene7.com/is/image/tmnaassetscs/vcr/live/vehicle/TOY/2025/prius/1263/666/8893445a19cf7aecf2b73badc1e390220619207e8aac240d24341e56254d2198.png?wid=1600&fmt=webp-alpha&cropN=0.04,0.08,0.92,.84"
LE AWD,"$29,750",https://www.toyota.com/configurator/build/step/model/year/2025/series/prius/model/1263/?bap_guid=dc541828-826f-4ce2-8755-5580889662bf,"https://tmnaassetscs.scene7.com/is/image/tmnaassetscs/vcr/live/vehicle/TOY/2025/prius/1263/421/8a1cd93568fbe06ea4e0e3aa0b86956d9bddd97512f43c509653f45bb64221b8.png?wid=750&fmt=webp-alpha&cropN=0.1,0.16,0.78,0.8",53/54,Exterior,Reservoir Blue,Included,"https://tmnaassetscs.scene7.com/is/image/tmnaassetscs/vcr/live/vehicle/TOY/2025/prius/1263/100/23bbf74c2cfcc15be724d632837de0def1c6e660a56cda6f89b9e4750157489d.png?wid=1600&fmt=webp-alpha&cropN=0.04,0.08,0.92,.84"
LE AWD,"$29,750",https://www.toyota.com/configurator/build/step/model/year/2025/series/prius/model/1263/?bap_guid=dc541828-826f-4ce2-8755-5580889662bf,"https://tmnaassetscs.scene7.com/is/image/tmnaassetscs/vcr/live/vehicle/TOY/2025/prius/1263/421/8a1cd93568fbe06ea4e0e3aa0b86956d9bddd97512f43c509653f45bb64221b8.png?wid=750&fmt=webp-alpha&cropN=0.1,0.16,0.78,0.8",53/54,Interior,Lt. Gray,Included,
LE AWD,"$29,750",https://www.toyota.com/configurator/build/step/model/year/2025/series/prius/model/1263/?bap_guid=dc541828-826f-4ce2-8755-5580889662bf,"https://tmnaassetscs.scene7.com/is/image/tmnaassetscs/vcr/live/vehicle/TOY/2025/prius/1263/421/8a1cd93568fbe06ea4e0e3aa0b86956d9bddd97512f43c509653f45bb64221b8.png?wid=750&fmt=webp-alpha&cropN=0.1,0.16,0.78,0.8",53/54,Interior,Gradient Black,Included,
LE AWD,"$29,750",https://www.toyota.com/configurator/build/step/model/year/2025/series/prius/model/1263/?bap_guid=dc541828-826f-4ce2-8755-5580889662bf,"https://tmnaassetscs.scene7.com/is/image/tmnaassetscs/vcr/live/vehicle/TOY/2025/prius/1263/421/8a1cd93568fbe06ea4e0e3aa0b86956d9bddd97512f43c509653f45bb64221b8.png?wid=750&fmt=webp-alpha&cropN=0.1,0.16,0.78,0.8",53/54,Engine,2.0L 4-Cyl. Hybrid Engine,Included,
LE AWD,"$29,750",https://www.toyota.com/configurator/build/step/model/year/2025/series/prius/model/1263/?bap_guid=dc541828-826f-4ce2-8755-5580889662bf,"https://tmnaassetscs.scene7.com/is/image/tmnaassetscs/vcr/live/vehicle/TOY/2025/prius/1263/421/8a1cd93568fbe06ea4e0e3aa0b86956d9bddd97512f43c509653f45bb64221b8.png?wid=750&fmt=webp-alpha&cropN=0.1,0.16,0.78,0.8",53/54,Transmission,Electronically controlled Continuously Variable Transmission (ECVT),Included,
LE AWD,"$29,750",https://www.toyota.com/configurator/build/step/model/year/2025/series/prius/model/1263/?bap_guid=dc541828-826f-4ce2-8755-5580889662bf,"https://tmnaassetscs.scene7.com/is/image/tmnaassetscs/vcr/live/vehicle/TOY/2025/prius/1263/421/8a1cd93568fbe06ea4e0e3aa0b86956d9bddd97512f43c509653f45bb64221b8.png?wid=750&fmt=webp-alpha&cropN=0.1,0.16,0.78,0.8",53/54,Drivetrain,All-Wheel Drive,Included,
LE AWD,"$29,750",https://www.toyota.com/configurator/build/step/model/year/2025/series/prius/model/1263/?bap_guid=dc541828-826f-4ce2-8755-5580889662bf,"https://tmnaassetscs.scene7.com/is/image/tmnaassetscs/vcr/live/vehicle/TOY/2025/prius/1263/421/8a1cd93568fbe06ea4e0e3aa0b86956d9bddd97512f43c509653f45bb64221b8.png?wid=750&fmt=webp-alpha&cropN=0.1,0.16,0.78,0.8",53/54,Add-On,Front and Rear Parking Assist with Automatic Braking *,$35 MSRP,
XLE,"$31,795",https://www.toyota.com/configurator/build/step/model/year/2025/series/prius/model/1225/?bap_guid=dc541828-826f-4ce2-8755-5580889662bf,"https://tmnaassetscs.scene7.com/is/image/tmnaassetscs/vcr/live/vehicle/TOY/2025/prius/1225/486/2fa28aaefbd31cee43cf47ac9937a6e3435bfb4b3ecf436280daca3c2a355800.png?wid=750&fmt=webp-alpha&cropN=0.1,0.16,0.78,0.8",52/52,Exterior,Cutting Edge,Included,"https://tmnaassetscs.scene7.com/is/image/tmnaassetscs/vcr/live/vehicle/TOY/2025/prius/1225/975/8e755c2759b626f89e223f0e3f5858b31bce3790165de0742f595496a5e0149b.png?wid=1600&fmt=webp-alpha&cropN=0.04,0.08,0.92,.84"
XLE,"$31,795",https://www.toyota.com/configurator/build/step/model/year/2025/series/prius/model/1225/?bap_guid=dc541828-826f-4ce2-8755-5580889662bf,"https://tmnaassetscs.scene7.com/is/image/tmnaassetscs/vcr/live/vehicle/TOY/2025/prius/1225/486/2fa28aaefbd31cee43cf47ac9937a6e3435bfb4b3ecf436280daca3c2a355800.png?wid=750&fmt=webp-alpha&cropN=0.1,0.16,0.78,0.8",52/52,Exterior,Guardian Gray,Included,"https://tmnaassetscs.scene7.com/is/image/tmnaassetscs/vcr/live/vehicle/TOY/2025/prius/1225/486/2fa28aaefbd31cee43cf47ac9937a6e3435bfb4b3ecf436280daca3c2a355800.png?wid=1600&fmt=webp-alpha&cropN=0.04,0.08,0.92,.84"
XLE,"$31,795",https://www.toyota.com/configurator/build/step/model/year/2025/series/prius/model/1225/?bap_guid=dc541828-826f-4ce2-8755-5580889662bf,"https://tmnaassetscs.scene7.com/is/image/tmnaassetscs/vcr/live/vehicle/TOY/2025/prius/1225/486/2fa28aaefbd31cee43cf47ac9937a6e3435bfb4b3ecf436280daca3c2a355800.png?wid=750&fmt=webp-alpha&cropN=0.1,0.16,0.78,0.8",52/52,Exterior,Midnight Black Metallic,Included,"https://tmnaassetscs.scene7.com/is/image/tmnaassetscs/vcr/live/vehicle/TOY/2025/prius/1225/656/1b34a3e03f9335d6bb922d6d3d9efc221f2a6c36ad1a8aa8cd00ea93503aacd0.png?wid=1600&fmt=webp-alpha&cropN=0.04,0.08,0.92,.84"
XLE,"$31,795",https://www.toyota.com/configurator/build/step/model/year/2025/series/prius/model/1225/?bap_guid=dc541828-826f-4ce2-8755-5580889662bf,"https://tmnaassetscs.scene7.com/is/image/tmnaassetscs/vcr/live/vehicle/TOY/2025/prius/1225/486/2fa28aaefbd31cee43cf47ac9937a6e3435bfb4b3ecf436280daca3c2a355800.png?wid=750&fmt=webp-alpha&cropN=0.1,0.16,0.78,0.8",52/52,Exterior,Supersonic Red *,$475,"https://tmnaassetscs.scene7.com/is/image/tmnaassetscs/vcr/live/vehicle/TOY/2025/prius/1225/984/e8acc210d9e92d7c09ce6624156d95a70cbec75f73cc334afa83910f990c8070.png?wid=1600&fmt=webp-alpha&cropN=0.04,0.08,0.92,.84"
XLE,"$31,795",https://www.toyota.com/configurator/build/step/model/year/2025/series/prius/model/1225/?bap_guid=dc541828-826f-4ce2-8755-5580889662bf,"https://tmnaassetscs.scene7.com/is/image/tmnaassetscs/vcr/live/vehicle/TOY/2025/prius/1225/486/2fa28aaefbd31cee43cf47ac9937a6e3435bfb4b3ecf436280daca3c2a355800.png?wid=750&fmt=webp-alpha&cropN=0.1,0.16,0.78,0.8",52/52,Exterior,Wind Chill Pearl *,$475,"https://tmnaassetscs.scene7.com/is/image/tmnaassetscs/vcr/live/vehicle/TOY/2025/prius/1225/652/ca2bd6bc4f08cebdb709e34a74c697b0fd618d87ce384106a23a19d4d22f7b44.png?wid=1600&fmt=webp-alpha&cropN=0.04,0.08,0.92,.84"
XLE,"$31,795",https://www.toyota.com/configurator/build/step/model/year/2025/series/prius/model/1225/?bap_guid=dc541828-826f-4ce2-8755-5580889662bf,"https://tmnaassetscs.scene7.com/is/image/tmnaassetscs/vcr/live/vehicle/TOY/2025/prius/1225/486/2fa28aaefbd31cee43cf47ac9937a6e3435bfb4b3ecf436280daca3c2a355800.png?wid=750&fmt=webp-alpha&cropN=0.1,0.16,0.78,0.8",52/52,Exterior,Reservoir Blue,Included,"https://tmnaassetscs.scene7.com/is/image/tmnaassetscs/vcr/live/vehicle/TOY/2025/prius/1225/320/b47b3c989ebf80646110aed35dfeac7e4d102b2fe5ea410e1662f0d03a9244b1.png?wid=1600&fmt=webp-alpha&cropN=0.04,0.08,0.92,.84"
XLE,"$31,795",https://www.toyota.com/configurator/build/step/model/year/2025/series/prius/model/1225/?bap_guid=dc541828-826f-4ce2-8755-5580889662bf,"https://tmnaassetscs.scene7.com/is/image/tmnaassetscs/vcr/live/vehicle/TOY/2025/prius/1225/486/2fa28aaefbd31cee43cf47ac9937a6e3435bfb4b3ecf436280daca3c2a355800.png?wid=750&fmt=webp-alpha&cropN=0.1,0.16,0.78,0.8",52/52,Interior,Lt. Gray,Included,
XLE,"$31,795",https://www.toyota.com/configurator/build/step/model/year/2025/series/prius/model/1225/?bap_guid=dc541828-826f-4ce2-8755-5580889662bf,"https://tmnaassetscs.scene7.com/is/image/tmnaassetscs/vcr/live/vehicle/TOY/2025/prius/1225/486/2fa28aaefbd31cee43cf47ac9937a6e3435bfb4b3ecf436280daca3c2a355800.png?wid=750&fmt=webp-alpha&cropN=0.1,0.16,0.78,0.8",52/52,Interior,Gradient Black,Included,
XLE,"$31,795",https://www.toyota.com/configurator/build/step/model/year/2025/series/prius/model/1225/?bap_guid=dc541828-826f-4ce2-8755-5580889662bf,"https://tmnaassetscs.scene7.com/is/image/tmnaassetscs/vcr/live/vehicle/TOY/2025/prius/1225/486/2fa28aaefbd31cee43cf47ac9937a6e3435bfb4b3ecf436280daca3c2a355800.png?wid=750&fmt=webp-alpha&cropN=0.1,0.16,0.78,0.8",52/52,Engine,2.0L 4-Cyl. Hybrid Engine,Included,
XLE,"$31,795",https://www.toyota.com/configurator/build/step/model/year/2025/series/prius/model/1225/?bap_guid=dc541828-826f-4ce2-8755-5580889662bf,"https://tmnaassetscs.scene7.com/is/image/tmnaassetscs/vcr/live/vehicle/TOY/2025/prius/1225/486/2fa28aaefbd31cee43cf47ac9937a6e3435bfb4b3ecf436280daca3c2a355800.png?wid=750&fmt=webp-alpha&cropN=0.1,0.16,0.78,0.8",52/52,Transmission,Electronically controlled Continuously Variable Transmission (ECVT),Included,
XLE,"$31,795",https://www.toyota.com/configurator/build/step/model/year/2025/series/prius/model/1225/?bap_guid=dc541828-826f-4ce2-8755-5580889662bf,"https://tmnaassetscs.scene7.com/is/image/tmnaassetscs/vcr/live/vehicle/TOY/2025/prius/1225/486/2fa28aaefbd31cee43cf47ac9937a6e3435bfb4b3ecf436280daca3c2a355800.png?wid=750&fmt=webp-alpha&cropN=0.1,0.16,0.78,0.8",52/52,Drivetrain,Front-Wheel Drive,Included,
XLE,"$31,795",https://www.toyota.com/configurator/build/step/model/year/2025/series/prius/model/1225/?bap_guid=dc541828-826f-4ce2-8755-5580889662bf,"https://tmnaassetscs.scene7.com/is/image/tmnaassetscs/vcr/live/vehicle/TOY/2025/prius/1225/486/2fa28aaefbd31cee43cf47ac9937a6e3435bfb4b3ecf436280daca3c2a355800.png?wid=750&fmt=webp-alpha&cropN=0.1,0.16,0.78,0.8",52/52,Add-On,Digital Key,$275 MSRP,
XLE,"$31,795",https://www.toyota.com/configurator/build/step/model/year/2025/series/prius/model/1225/?bap_guid=dc541828-826f-4ce2-8755-5580889662bf,"https://tmnaassetscs.scene7.com/is/image/tmnaassetscs/vcr/live/vehicle/TOY/2025/prius/1225/486/2fa28aaefbd31cee43cf47ac9937a6e3435bfb4b3ecf436280daca3c2a355800.png?wid=750&fmt=webp-alpha&cropN=0.1,0.16,0.78,0.8",52/52,Add-On,12.3-in. Toyota Audio Multimedia,$735 MSRP,
XLE,"$31,795",https://www.toyota.com/configurator/build/step/model/year/2025/series/prius/model/1225/?bap_guid=dc541828-826f-4ce2-8755-5580889662bf,"https://tmnaassetscs.scene7.com/is/image/tmnaassetscs/vcr/live/vehicle/TOY/2025/prius/1225/486/2fa28aaefbd31cee43cf47ac9937a6e3435bfb4b3ecf436280daca3c2a355800.png?wid=750&fmt=webp-alpha&cropN=0.1,0.16,0.78,0.8",52/52,Add-On,Fixed glass roof,"$1,000 MSRP",
Nightshade Edition,"$32,495",https://www.toyota.com/configurator/build/step/model/year/2025/series/prius/model/1216/?bap_guid=dc541828-826f-4ce2-8755-5580889662bf,"https://tmnaassetscs.scene7.com/is/image/tmnaassetscs/vcr/live/vehicle/TOY/2025/prius/1216/622/6021eb2651014bb6610aa1a85ff5b9ba52f29d2b29d7010d4952da0ebd7537d9.png?wid=750&fmt=webp-alpha&cropN=0.1,0.16,0.78,0.8",52/52,Exterior,Karashi,Included,"https://tmnaassetscs.scene7.com/is/image/tmnaassetscs/vcr/live/vehicle/TOY/2025/prius/1216/622/6021eb2651014bb6610aa1a85ff5b9ba52f29d2b29d7010d4952da0ebd7537d9.png?wid=1600&fmt=webp-alpha&cropN=0.04,0.08,0.92,.84"
Nightshade Edition,"$32,495",https://www.toyota.com/configurator/build/step/model/year/2025/series/prius/model/1216/?bap_guid=dc541828-826f-4ce2-8755-5580889662bf,"https://tmnaassetscs.scene7.com/is/image/tmnaassetscs/vcr/live/vehicle/TOY/2025/prius/1216/622/6021eb2651014bb6610aa1a85ff5b9ba52f29d2b29d7010d4952da0ebd7537d9.png?wid=750&fmt=webp-alpha&cropN=0.1,0.16,0.78,0.8",52/52,Exterior,Midnight Black Metallic,Included,"https://tmnaassetscs.scene7.com/is/image/tmnaassetscs/vcr/live/vehicle/TOY/2025/prius/1216/804/03d0d58c1fb5a92499af3dcc0d15cb7d866be41e30893a8fc59e555cad2ec5a4.png?wid=1600&fmt=webp-alpha&cropN=0.04,0.08,0.92,.84"
Nightshade Edition,"$32,495",https://www.toyota.com/configurator/build/step/model/year/2025/series/prius/model/1216/?bap_guid=dc541828-826f-4ce2-8755-5580889662bf,"https://tmnaassetscs.scene7.com/is/image/tmnaassetscs/vcr/live/vehicle/TOY/2025/prius/1216/622/6021eb2651014bb6610aa1a85ff5b9ba52f29d2b29d7010d4952da0ebd7537d9.png?wid=750&fmt=webp-alpha&cropN=0.1,0.16,0.78,0.8",52/52,Exterior,Wind Chill Pearl *,$475,"https://tmnaassetscs.scene7.com/is/image/tmnaassetscs/vcr/live/vehicle/TOY/2025/prius/1216/470/f7ee7b3e96dca01710291effb817af3bcf4c28cb36dee40cd170a5eee6fb8361.png?wid=1600&fmt=webp-alpha&cropN=0.04,0.08,0.92,.84"
Nightshade Edition,"$32,495",https://www.toyota.com/configurator/build/step/model/year/2025/series/prius/model/1216/?bap_guid=dc541828-826f-4ce2-8755-5580889662bf,"https://tmnaassetscs.scene7.com/is/image/tmnaassetscs/vcr/live/vehicle/TOY/2025/prius/1216/622/6021eb2651014bb6610aa1a85ff5b9ba52f29d2b29d7010d4952da0ebd7537d9.png?wid=750&fmt=webp-alpha&cropN=0.1,0.16,0.78,0.8",52/52,Interior,Black,Included,
Nightshade Edition,"$32,495",https://www.toyota.com/configurator/build/step/model/year/2025/series/prius/model/1216/?bap_guid=dc541828-826f-4ce2-8755-5580889662bf,"https://tmnaassetscs.scene7.com/is/image/tmnaassetscs/vcr/live/vehicle/TOY/2025/prius/1216/622/6021eb2651014bb6610aa1a85ff5b9ba52f29d2b29d7010d4952da0ebd7537d9.png?wid=750&fmt=webp-alpha&cropN=0.1,0.16,0.78,0.8",52/52,Engine,2.0L 4-Cyl. Hybrid Engine,Included,
Nightshade Edition,"$32,495",https://www.toyota.com/configurator/build/step/model/year/2025/series/prius/model/1216/?bap_guid=dc541828-826f-4ce2-8755-5580889662bf,"https://tmnaassetscs.scene7.com/is/image/tmnaassetscs/vcr/live/vehicle/TOY/2025/prius/1216/622/6021eb2651014bb6610aa1a85ff5b9ba52f29d2b29d7010d4952da0ebd7537d9.png?wid=750&fmt=webp-alpha&cropN=0.1,0.16,0.78,0.8",52/52,Transmission,Electronically controlled Continuously Variable Transmission (ECVT),Included,
Nightshade Edition,"$32,495",https://www.toyota.com/configurator/build/step/model/year/2025/series/prius/model/1216/?bap_guid=dc541828-826f-4ce2-8755-5580889662bf,"https://tmnaassetscs.scene7.com/is/image/tmnaassetscs/vcr/live/vehicle/TOY/2025/prius/1216/622/6021eb2651014bb6610aa1a85ff5b9ba52f29d2b29d7010d4952da0ebd7537d9.png?wid=750&fmt=webp-alpha&cropN=0.1,0.16,0.78,0.8",52/52,Drivetrain,Front-Wheel Drive,Included,
Nightshade Edition,"$32,495",https://www.toyota.com/configurator/build/step/model/year/2025/series/prius/model/1216/?bap_guid=dc541828-826f-4ce2-8755-5580889662bf,"https://tmnaassetscs.scene7.com/is/image/tmnaassetscs/vcr/live/vehicle/TOY/2025/prius/1216/622/6021eb2651014bb6610aa1a85ff5b9ba52f29d2b29d7010d4952da0ebd7537d9.png?wid=750&fmt=webp-alpha&cropN=0.1,0.16,0.78,0.8",52/52,Add-On,Digital Key,$275 MSRP,
Nightshade Edition,"$32,495",https://www.toyota.com/configurator/build/step/model/year/2025/series/prius/model/1216/?bap_guid=dc541828-826f-4ce2-8755-5580889662bf,"https://tmnaassetscs.scene7.com/is/image/tmnaassetscs/vcr/live/vehicle/TOY/2025/prius/1216/622/6021eb2651014bb6610aa1a85ff5b9ba52f29d2b29d7010d4952da0ebd7537d9.png?wid=750&fmt=webp-alpha&cropN=0.1,0.16,0.78,0.8",52/52,Add-On,12.3-in. Toyota Audio Multimedia,$735 MSRP,
Nightshade Edition,"$32,495",https://www.toyota.com/configurator/build/step/model/year/2025/series/prius/model/1216/?bap_guid=dc541828-826f-4ce2-8755-5580889662bf,"https://tmnaassetscs.scene7.com/is/image/tmnaassetscs/vcr/live/vehicle/TOY/2025/prius/1216/622/6021eb2651014bb6610aa1a85ff5b9ba52f29d2b29d7010d4952da0ebd7537d9.png?wid=750&fmt=webp-alpha&cropN=0.1,0.16,0.78,0.8",52/52,Add-On,Fixed glass roof,"$1,000 MSRP",
XLE AWD,"$33,195",https://www.toyota.com/configurator/build/step/model/year/2025/series/prius/model/1265/?bap_guid=dc541828-826f-4ce2-8755-5580889662bf,"https://tmnaassetscs.scene7.com/is/image/tmnaassetscs/vcr/live/vehicle/TOY/2025/prius/1265/328/b1a767d85055502cd4ef02df5928c7c92705c94379cec241125fab50f7b46f5e.png?wid=750&fmt=webp-alpha&cropN=0.1,0.16,0.78,0.8",49/50,Exterior,Cutting Edge,Included,"https://tmnaassetscs.scene7.com/is/image/tmnaassetscs/vcr/live/vehicle/TOY/2025/prius/1265/598/81f15c06ddce773e26844315f81607f0074c12834b0a2a8db143948821df69f0.png?wid=1600&fmt=webp-alpha&cropN=0.04,0.08,0.92,.84"
XLE AWD,"$33,195",https://www.toyota.com/configurator/build/step/model/year/2025/series/prius/model/1265/?bap_guid=dc541828-826f-4ce2-8755-5580889662bf,"https://tmnaassetscs.scene7.com/is/image/tmnaassetscs/vcr/live/vehicle/TOY/2025/prius/1265/328/b1a767d85055502cd4ef02df5928c7c92705c94379cec241125fab50f7b46f5e.png?wid=750&fmt=webp-alpha&cropN=0.1,0.16,0.78,0.8",49/50,Exterior,Guardian Gray,Included,"https://tmnaassetscs.scene7.com/is/image/tmnaassetscs/vcr/live/vehicle/TOY/2025/prius/1265/102/d073b1dec31d3fe5c5a98c6f8cefcc52857e023ac2c9f4cc245517134284c35a.png?wid=1600&fmt=webp-alpha&cropN=0.04,0.08,0.92,.84"
XLE AWD,"$33,195",https://www.toyota.com/configurator/build/step/model/year/2025/series/prius/model/1265/?bap_guid=dc541828-826f-4ce2-8755-5580889662bf,"https://tmnaassetscs.scene7.com/is/image/tmnaassetscs/vcr/live/vehicle/TOY/2025/prius/1265/328/b1a767d85055502cd4ef02df5928c7c92705c94379cec241125fab50f7b46f5e.png?wid=750&fmt=webp-alpha&cropN=0.1,0.16,0.78,0.8",49/50,Exterior,Midnight Black Metallic,Included,"https://tmnaassetscs.scene7.com/is/image/tmnaassetscs/vcr/live/vehicle/TOY/2025/prius/1265/252/1d5eaa54cd1812c28d0ffa48698094f395a98fb9ae43ac0332a94fba727eaa54.png?wid=1600&fmt=webp-alpha&cropN=0.04,0.08,0.92,.84"
XLE AWD,"$33,195",https://www.toyota.com/configurator/build/step/model/year/2025/series/prius/model/1265/?bap_guid=dc541828-826f-4ce2-8755-5580889662bf,"https://tmnaassetscs.scene7.com/is/image/tmnaassetscs/vcr/live/vehicle/TOY/2025/prius/1265/328/b1a767d85055502cd4ef02df5928c7c92705c94379cec241125fab50f7b46f5e.png?wid=750&fmt=webp-alpha&cropN=0.1,0.16,0.78,0.8",49/50,Exterior,Supersonic Red *,$475,"https://tmnaassetscs.scene7.com/is/image/tmnaassetscs/vcr/live/vehicle/TOY/2025/prius/1265/328/b1a767d85055502cd4ef02df5928c7c92705c94379cec241125fab50f7b46f5e.png?wid=1600&fmt=webp-alpha&cropN=0.04,0.08,0.92,.84"
XLE AWD,"$33,195",https://www.toyota.com/configurator/build/step/model/year/2025/series/prius/model/1265/?bap_guid=dc541828-826f-4ce2-8755-5580889662bf,"https://tmnaassetscs.scene7.com/is/image/tmnaassetscs/vcr/live/vehicle/TOY/2025/prius/1265/328/b1a767d85055502cd4ef02df5928c7c92705c94379cec241125fab50f7b46f5e.png?wid=750&fmt=webp-alpha&cropN=0.1,0.16,0.78,0.8",49/50,Exterior,Wind Chill Pearl *,$475,"https://tmnaassetscs.scene7.com/is/image/tmnaassetscs/vcr/live/vehicle/TOY/2025/prius/1265/254/a44c98b638362310df7347283f7369f42e511ffacf9b6f1c0a6868930fb010df.png?wid=1600&fmt=webp-alpha&cropN=0.04,0.08,0.92,.84"
XLE AWD,"$33,195",https://www.toyota.com/configurator/build/step/model/year/2025/series/prius/model/1265/?bap_guid=dc541828-826f-4ce2-8755-5580889662bf,"https://tmnaassetscs.scene7.com/is/image/tmnaassetscs/vcr/live/vehicle/TOY/2025/prius/1265/328/b1a767d85055502cd4ef02df5928c7c92705c94379cec241125fab50f7b46f5e.png?wid=750&fmt=webp-alpha&cropN=0.1,0.16,0.78,0.8",49/50,Exterior,Reservoir Blue,Included,"https://tmnaassetscs.scene7.com/is/image/tmnaassetscs/vcr/live/vehicle/TOY/2025/prius/1265/684/bc27c3fc5a91afc9ae3900b6902c35e4cd89b9fda6d05f17a5fc54279a094e15.png?wid=1600&fmt=webp-alpha&cropN=0.04,0.08,0.92,.84"
XLE AWD,"$33,195",https://www.toyota.com/configurator/build/step/model/year/2025/series/prius/model/1265/?bap_guid=dc541828-826f-4ce2-8755-5580889662bf,"https://tmnaassetscs.scene7.com/is/image/tmnaassetscs/vcr/live/vehicle/TOY/2025/prius/1265/328/b1a767d85055502cd4ef02df5928c7c92705c94379cec241125fab50f7b46f5e.png?wid=750&fmt=webp-alpha&cropN=0.1,0.16,0.78,0.8",49/50,Interior,Lt. Gray,Included,
XLE AWD,"$33,195",https://www.toyota.com/configurator/build/step/model/year/2025/series/prius/model/1265/?bap_guid=dc541828-826f-4ce2-8755-5580889662bf,"https://tmnaassetscs.scene7.com/is/image/tmnaassetscs/vcr/live/vehicle/TOY/2025/prius/1265/328/b1a767d85055502cd4ef02df5928c7c92705c94379cec241125fab50f7b46f5e.png?wid=750&fmt=webp-alpha&cropN=0.1,0.16,0.78,0.8",49/50,Interior,Gradient Black,Included,
XLE AWD,"$33,195",https://www.toyota.com/configurator/build/step/model/year/2025/series/prius/model/1265/?bap_guid=dc541828-826f-4ce2-8755-5580889662bf,"https://tmnaassetscs.scene7.com/is/image/tmnaassetscs/vcr/live/vehicle/TOY/2025/prius/1265/328/b1a767d85055502cd4ef02df5928c7c92705c94379cec241125fab50f7b46f5e.png?wid=750&fmt=webp-alpha&cropN=0.1,0.16,0.78,0.8",49/50,Engine,2.0L 4-Cyl. Hybrid Engine,Included,
XLE AWD,"$33,195",https://www.toyota.com/configurator/build/step/model/year/2025/series/prius/model/1265/?bap_guid=dc541828-826f-4ce2-8755-5580889662bf,"https://tmnaassetscs.scene7.com/is/image/tmnaassetscs/vcr/live/vehicle/TOY/2025/prius/1265/328/b1a767d85055502cd4ef02df5928c7c92705c94379cec241125fab50f7b46f5e.png?wid=750&fmt=webp-alpha&cropN=0.1,0.16,0.78,0.8",49/50,Transmission,Electronically controlled Continuously Variable Transmission (ECVT),Included,
XLE AWD,"$33,195",https://www.toyota.com/configurator/build/step/model/year/2025/series/prius/model/1265/?bap_guid=dc541828-826f-4ce2-8755-5580889662bf,"https://tmnaassetscs.scene7.com/is/image/tmnaassetscs/vcr/live/vehicle/TOY/2025/prius/1265/328/b1a767d85055502cd4ef02df5928c7c92705c94379cec241125fab50f7b46f5e.png?wid=750&fmt=webp-alpha&cropN=0.1,0.16,0.78,0.8",49/50,Drivetrain,All-Wheel Drive,Included,
XLE AWD,"$33,195",https://www.toyota.com/configurator/build/step/model/year/2025/series/prius/model/1265/?bap_guid=dc541828-826f-4ce2-8755-5580889662bf,"https://tmnaassetscs.scene7.com/is/image/tmnaassetscs/vcr/live/vehicle/TOY/2025/prius/1265/328/b1a767d85055502cd4ef02df5928c7c92705c94379cec241125fab50f7b46f5e.png?wid=750&fmt=webp-alpha&cropN=0.1,0.16,0.78,0.8",49/50,Add-On,Digital Key,$275 MSRP,
XLE AWD,"$33,195",https://www.toyota.com/configurator/build/step/model/year/2025/series/prius/model/1265/?bap_guid=dc541828-826f-4ce2-8755-5580889662bf,"https://tmnaassetscs.scene7.com/is/image/tmnaassetscs/vcr/live/vehicle/TOY/2025/prius/1265/328/b1a767d85055502cd4ef02df5928c7c92705c94379cec241125fab50f7b46f5e.png?wid=750&fmt=webp-alpha&cropN=0.1,0.16,0.78,0.8",49/50,Add-On,12.3-in. Toyota Audio Multimedia,$735 MSRP,
XLE AWD,"$33,195",https://www.toyota.com/configurator/build/step/model/year/2025/series/prius/model/1265/?bap_guid=dc541828-826f-4ce2-8755-5580889662bf,"https://tmnaassetscs.scene7.com/is/image/tmnaassetscs/vcr/live/vehicle/TOY/2025/prius/1265/328/b1a767d85055502cd4ef02df5928c7c92705c94379cec241125fab50f7b46f5e.png?wid=750&fmt=webp-alpha&cropN=0.1,0.16,0.78,0.8",49/50,Add-On,Fixed glass roof,"$1,000 MSRP",
Nightshade Edition AWD,"$33,895",https://www.toyota.com/configurator/build/step/model/year/2025/series/prius/model/1266/?bap_guid=dc541828-826f-4ce2-8755-5580889662bf,"https://tmnaassetscs.scene7.com/is/image/tmnaassetscs/vcr/live/vehicle/TOY/2025/prius/1266/365/6650cce587ede1444df36babbd4d7434b820859862b780b98c34fb1e82e17a5c.png?wid=750&fmt=webp-alpha&cropN=0.1,0.16,0.78,0.8",49/50,Exterior,Karashi,Included,"https://tmnaassetscs.scene7.com/is/image/tmnaassetscs/vcr/live/vehicle/TOY/2025/prius/1266/476/620d7e540b7f785088e7aa845f6298ff8285f79f30b42d779b14610f7e5bcf39.png?wid=1600&fmt=webp-alpha&cropN=0.04,0.08,0.92,.84"
Nightshade Edition AWD,"$33,895",https://www.toyota.com/configurator/build/step/model/year/2025/series/prius/model/1266/?bap_guid=dc541828-826f-4ce2-8755-5580889662bf,"https://tmnaassetscs.scene7.com/is/image/tmnaassetscs/vcr/live/vehicle/TOY/2025/prius/1266/365/6650cce587ede1444df36babbd4d7434b820859862b780b98c34fb1e82e17a5c.png?wid=750&fmt=webp-alpha&cropN=0.1,0.16,0.78,0.8",49/50,Exterior,Midnight Black Metallic,Included,"https://tmnaassetscs.scene7.com/is/image/tmnaassetscs/vcr/live/vehicle/TOY/2025/prius/1266/854/200d424edabb58a4b1c66ce0f52e2ed856df4b1603df8d07c415049518ce67f3.png?wid=1600&fmt=webp-alpha&cropN=0.04,0.08,0.92,.84"
Nightshade Edition AWD,"$33,895",https://www.toyota.com/configurator/build/step/model/year/2025/series/prius/model/1266/?bap_guid=dc541828-826f-4ce2-8755-5580889662bf,"https://tmnaassetscs.scene7.com/is/image/tmnaassetscs/vcr/live/vehicle/TOY/2025/prius/1266/365/6650cce587ede1444df36babbd4d7434b820859862b780b98c34fb1e82e17a5c.png?wid=750&fmt=webp-alpha&cropN=0.1,0.16,0.78,0.8",49/50,Exterior,Wind Chill Pearl *,$475,"https://tmnaassetscs.scene7.com/is/image/tmnaassetscs/vcr/live/vehicle/TOY/2025/prius/1266/365/6650cce587ede1444df36babbd4d7434b820859862b780b98c34fb1e82e17a5c.png?wid=1600&fmt=webp-alpha&cropN=0.04,0.08,0.92,.84"
Nightshade Edition AWD,"$33,895",https://www.toyota.com/configurator/build/step/model/year/2025/series/prius/model/1266/?bap_guid=dc541828-826f-4ce2-8755-5580889662bf,"https://tmnaassetscs.scene7.com/is/image/tmnaassetscs/vcr/live/vehicle/TOY/2025/prius/1266/365/6650cce587ede1444df36babbd4d7434b820859862b780b98c34fb1e82e17a5c.png?wid=750&fmt=webp-alpha&cropN=0.1,0.16,0.78,0.8",49/50,Interior,Black,Included,
Nightshade Edition AWD,"$33,895",https://www.toyota.com/configurator/build/step/model/year/2025/series/prius/model/1266/?bap_guid=dc541828-826f-4ce2-8755-5580889662bf,"https://tmnaassetscs.scene7.com/is/image/tmnaassetscs/vcr/live/vehicle/TOY/2025/prius/1266/365/6650cce587ede1444df36babbd4d7434b820859862b780b98c34fb1e82e17a5c.png?wid=750&fmt=webp-alpha&cropN=0.1,0.16,0.78,0.8",49/50,Engine,2.0L 4-Cyl. Hybrid Engine,Included,
Nightshade Edition AWD,"$33,895",https://www.toyota.com/configurator/build/step/model/year/2025/series/prius/model/1266/?bap_guid=dc541828-826f-4ce2-8755-5580889662bf,"https://tmnaassetscs.scene7.com/is/image/tmnaassetscs/vcr/live/vehicle/TOY/2025/prius/1266/365/6650cce587ede1444df36babbd4d7434b820859862b780b98c34fb1e82e17a5c.png?wid=750&fmt=webp-alpha&cropN=0.1,0.16,0.78,0.8",49/50,Transmission,Electronically controlled Continuously Variable Transmission (ECVT),Included,
Nightshade Edition AWD,"$33,895",https://www.toyota.com/configurator/build/step/model/year/2025/series/prius/model/1266/?bap_guid=dc541828-826f-4ce2-8755-5580889662bf,"https://tmnaassetscs.scene7.com/is/image/tmnaassetscs/vcr/live/vehicle/TOY/2025/prius/1266/365/6650cce587ede1444df36babbd4d7434b820859862b780b98c34fb1e82e17a5c.png?wid=750&fmt=webp-alpha&cropN=0.1,0.16,0.78,0.8",49/50,Drivetrain,All-Wheel Drive,Included,
Nightshade Edition AWD,"$33,895",https://www.toyota.com/configurator/build/step/model/year/2025/series/prius/model/1266/?bap_guid=dc541828-826f-4ce2-8755-5580889662bf,"https://tmnaassetscs.scene7.com/is/image/tmnaassetscs/vcr/live/vehicle/TOY/2025/prius/1266/365/6650cce587ede1444df36babbd4d7434b820859862b780b98c34fb1e82e17a5c.png?wid=750&fmt=webp-alpha&cropN=0.1,0.16,0.78,0.8",49/50,Add-On,Digital Key,$275 MSRP,
Nightshade Edition AWD,"$33,895",https://www.toyota.com/configurator/build/step/model/year/2025/series/prius/model/1266/?bap_guid=dc541828-826f-4ce2-8755-5580889662bf,"https://tmnaassetscs.scene7.com/is/image/tmnaassetscs/vcr/live/vehicle/TOY/2025/prius/1266/365/6650cce587ede1444df36babbd4d7434b820859862b780b98c34fb1e82e17a5c.png?wid=750&fmt=webp-alpha&cropN=0.1,0.16,0.78,0.8",49/50,Add-On,12.3-in. Toyota Audio Multimedia,$735 MSRP,
Nightshade Edition AWD,"$33,895",https://www.toyota.com/configurator/build/step/model/year/2025/series/prius/model/1266/?bap_guid=dc541828-826f-4ce2-8755-5580889662bf,"https://tmnaassetscs.scene7.com/is/image/tmnaassetscs/vcr/live/vehicle/TOY/2025/prius/1266/365/6650cce587ede1444df36babbd4d7434b820859862b780b98c34fb1e82e17a5c.png?wid=750&fmt=webp-alpha&cropN=0.1,0.16,0.78,0.8",49/50,Add-On,Fixed glass roof,"$1,000 MSRP",
Limited,"$35,365",https://www.toyota.com/configurator/build/step/model/year/2025/series/prius/model/1227/?bap_guid=dc541828-826f-4ce2-8755-5580889662bf,"https://tmnaassetscs.scene7.com/is/image/tmnaassetscs/vcr/live/vehicle/TOY/2025/prius/1227/128/b78923d01e26596b6d6b15ceca21e2e40c87df000dba0ba0b15b4b6efc1ca094.png?wid=750&fmt=webp-alpha&cropN=0.1,0.16,0.78,0.8",52/52,Exterior,Cutting Edge,Included,"https://tmnaassetscs.scene7.com/is/image/tmnaassetscs/vcr/live/vehicle/TOY/2025/prius/1227/828/c9f780fc542a2c3c7e5dfc951f3e9dc4cc6e6bb80c609ae28decc6b3a67af133.png?wid=1600&fmt=webp-alpha&cropN=0.04,0.08,0.92,.84"
Limited,"$35,365",https://www.toyota.com/configurator/build/step/model/year/2025/series/prius/model/1227/?bap_guid=dc541828-826f-4ce2-8755-5580889662bf,"https://tmnaassetscs.scene7.com/is/image/tmnaassetscs/vcr/live/vehicle/TOY/2025/prius/1227/128/b78923d01e26596b6d6b15ceca21e2e40c87df000dba0ba0b15b4b6efc1ca094.png?wid=750&fmt=webp-alpha&cropN=0.1,0.16,0.78,0.8",52/52,Exterior,Guardian Gray,Included,"https://tmnaassetscs.scene7.com/is/image/tmnaassetscs/vcr/live/vehicle/TOY/2025/prius/1227/928/483aa530845ad15fb54fdb235bfa340eef520a0b6375a179ecf24baa24be958f.png?wid=1600&fmt=webp-alpha&cropN=0.04,0.08,0.92,.84"
Limited,"$35,365",https://www.toyota.com/configurator/build/step/model/year/2025/series/prius/model/1227/?bap_guid=dc541828-826f-4ce2-8755-5580889662bf,"https://tmnaassetscs.scene7.com/is/image/tmnaassetscs/vcr/live/vehicle/TOY/2025/prius/1227/128/b78923d01e26596b6d6b15ceca21e2e40c87df000dba0ba0b15b4b6efc1ca094.png?wid=750&fmt=webp-alpha&cropN=0.1,0.16,0.78,0.8",52/52,Exterior,Midnight Black Metallic,Included,"https://tmnaassetscs.scene7.com/is/image/tmnaassetscs/vcr/live/vehicle/TOY/2025/prius/1227/776/8fa106386974f752160c38c250df29fa48d1fb7463fd7005533db7e4cbae206b.png?wid=1600&fmt=webp-alpha&cropN=0.04,0.08,0.92,.84"
Limited,"$35,365",https://www.toyota.com/configurator/build/step/model/year/2025/series/prius/model/1227/?bap_guid=dc541828-826f-4ce2-8755-5580889662bf,"https://tmnaassetscs.scene7.com/is/image/tmnaassetscs/vcr/live/vehicle/TOY/2025/prius/1227/128/b78923d01e26596b6d6b15ceca21e2e40c87df000dba0ba0b15b4b6efc1ca094.png?wid=750&fmt=webp-alpha&cropN=0.1,0.16,0.78,0.8",52/52,Exterior,Supersonic Red *,$475,"https://tmnaassetscs.scene7.com/is/image/tmnaassetscs/vcr/live/vehicle/TOY/2025/prius/1227/50/89e2534adaf7d9f33300b318457c4ee4227c243c5aafafb691bc17d2d36cf593.png?wid=1600&fmt=webp-alpha&cropN=0.04,0.08,0.92,.84"
Limited,"$35,365",https://www.toyota.com/configurator/build/step/model/year/2025/series/prius/model/1227/?bap_guid=dc541828-826f-4ce2-8755-5580889662bf,"https://tmnaassetscs.scene7.com/is/image/tmnaassetscs/vcr/live/vehicle/TOY/2025/prius/1227/128/b78923d01e26596b6d6b15ceca21e2e40c87df000dba0ba0b15b4b6efc1ca094.png?wid=750&fmt=webp-alpha&cropN=0.1,0.16,0.78,0.8",52/52,Exterior,Wind Chill Pearl *,$475,"https://tmnaassetscs.scene7.com/is/image/tmnaassetscs/vcr/live/vehicle/TOY/2025/prius/1227/750/1a7adda607a061bbfb09a525dbab9281642486b32f57881e7436de4c32e77207.png?wid=1600&fmt=webp-alpha&cropN=0.04,0.08,0.92,.84"
Limited,"$35,365",https://www.toyota.com/configurator/build/step/model/year/2025/series/prius/model/1227/?bap_guid=dc541828-826f-4ce2-8755-5580889662bf,"https://tmnaassetscs.scene7.com/is/image/tmnaassetscs/vcr/live/vehicle/TOY/2025/prius/1227/128/b78923d01e26596b6d6b15ceca21e2e40c87df000dba0ba0b15b4b6efc1ca094.png?wid=750&fmt=webp-alpha&cropN=0.1,0.16,0.78,0.8",52/52,Exterior,Reservoir Blue,Included,"https://tmnaassetscs.scene7.com/is/image/tmnaassetscs/vcr/live/vehicle/TOY/2025/prius/1227/128/b78923d01e26596b6d6b15ceca21e2e40c87df000dba0ba0b15b4b6efc1ca094.png?wid=1600&fmt=webp-alpha&cropN=0.04,0.08,0.92,.84"
Limited,"$35,365",https://www.toyota.com/configurator/build/step/model/year/2025/series/prius/model/1227/?bap_guid=dc541828-826f-4ce2-8755-5580889662bf,"https://tmnaassetscs.scene7.com/is/image/tmnaassetscs/vcr/live/vehicle/TOY/2025/prius/1227/128/b78923d01e26596b6d6b15ceca21e2e40c87df000dba0ba0b15b4b6efc1ca094.png?wid=750&fmt=webp-alpha&cropN=0.1,0.16,0.78,0.8",52/52,Interior,Lt. Gray,Included,
Limited,"$35,365",https://www.toyota.com/configurator/build/step/model/year/2025/series/prius/model/1227/?bap_guid=dc541828-826f-4ce2-8755-5580889662bf,"https://tmnaassetscs.scene7.com/is/image/tmnaassetscs/vcr/live/vehicle/TOY/2025/prius/1227/128/b78923d01e26596b6d6b15ceca21e2e40c87df000dba0ba0b15b4b6efc1ca094.png?wid=750&fmt=webp-alpha&cropN=0.1,0.16,0.78,0.8",52/52,Interior,Gradient Black,Included,
Limited,"$35,365",https://www.toyota.com/configurator/build/step/model/year/2025/series/prius/model/1227/?bap_guid=dc541828-826f-4ce2-8755-5580889662bf,"https://tmnaassetscs.scene7.com/is/image/tmnaassetscs/vcr/live/vehicle/TOY/2025/prius/1227/128/b78923d01e26596b6d6b15ceca21e2e40c87df000dba0ba0b15b4b6efc1ca094.png?wid=750&fmt=webp-alpha&cropN=0.1,0.16,0.78,0.8",52/52,Engine,2.0L 4-Cyl. Hybrid Engine,Included,
Limited,"$35,365",https://www.toyota.com/configurator/build/step/model/year/2025/series/prius/model/1227/?bap_guid=dc541828-826f-4ce2-8755-5580889662bf,"https://tmnaassetscs.scene7.com/is/image/tmnaassetscs/vcr/live/vehicle/TOY/2025/prius/1227/128/b78923d01e26596b6d6b15ceca21e2e40c87df000dba0ba0b15b4b6efc1ca094.png?wid=750&fmt=webp-alpha&cropN=0.1,0.16,0.78,0.8",52/52,Transmission,Electronically controlled Continuously Variable Transmission (ECVT),Included,
Limited,"$35,365",https://www.toyota.com/configurator/build/step/model/year/2025/series/prius/model/1227/?bap_guid=dc541828-826f-4ce2-8755-5580889662bf,"https://tmnaassetscs.scene7.com/is/image/tmnaassetscs/vcr/live/vehicle/TOY/2025/prius/1227/128/b78923d01e26596b6d6b15ceca21e2e40c87df000dba0ba0b15b4b6efc1ca094.png?wid=750&fmt=webp-alpha&cropN=0.1,0.16,0.78,0.8",52/52,Drivetrain,Front-Wheel Drive,Included,
Limited,"$35,365",https://www.toyota.com/configurator/build/step/model/year/2025/series/prius/model/1227/?bap_guid=dc541828-826f-4ce2-8755-5580889662bf,"https://tmnaassetscs.scene7.com/is/image/tmnaassetscs/vcr/live/vehicle/TOY/2025/prius/1227/128/b78923d01e26596b6d6b15ceca21e2e40c87df000dba0ba0b15b4b6efc1ca094.png?wid=750&fmt=webp-alpha&cropN=0.1,0.16,0.78,0.8",52/52,Add-On,Digital rearview mirror,$200 MSRP,
Limited,"$35,365",https://www.toyota.com/configurator/build/step/model/year/2025/series/prius/model/1227/?bap_guid=dc541828-826f-4ce2-8755-5580889662bf,"https://tmnaassetscs.scene7.com/is/image/tmnaassetscs/vcr/live/vehicle/TOY/2025/prius/1227/128/b78923d01e26596b6d6b15ceca21e2e40c87df000dba0ba0b15b4b6efc1ca094.png?wid=750&fmt=webp-alpha&cropN=0.1,0.16,0.78,0.8",52/52,Add-On,Heated rear seats,$350 MSRP,
Limited AWD,"$36,765",https://www.toyota.com/configurator/build/step/model/year/2025/series/prius/model/1268/?bap_guid=dc541828-826f-4ce2-8755-5580889662bf,"https://tmnaassetscs.scene7.com/is/image/tmnaassetscs/vcr/live/vehicle/TOY/2025/prius/1268/848/4442d600248499ad97afd6ec4c940491b153c7c1b02cd4c39a9245cb9de9da96.png?wid=750&fmt=webp-alpha&cropN=0.1,0.16,0.78,0.8",49/50,Exterior,Cutting Edge,Included,"https://tmnaassetscs.scene7.com/is/image/tmnaassetscs/vcr/live/vehicle/TOY/2025/prius/1268/848/4442d600248499ad97afd6ec4c940491b153c7c1b02cd4c39a9245cb9de9da96.png?wid=1600&fmt=webp-alpha&cropN=0.04,0.08,0.92,.84"
Limited AWD,"$36,765",https://www.toyota.com/configurator/build/step/model/year/2025/series/prius/model/1268/?bap_guid=dc541828-826f-4ce2-8755-5580889662bf,"https://tmnaassetscs.scene7.com/is/image/tmnaassetscs/vcr/live/vehicle/TOY/2025/prius/1268/848/4442d600248499ad97afd6ec4c940491b153c7c1b02cd4c39a9245cb9de9da96.png?wid=750&fmt=webp-alpha&cropN=0.1,0.16,0.78,0.8",49/50,Exterior,Guardian Gray,Included,"https://tmnaassetscs.scene7.com/is/image/tmnaassetscs/vcr/live/vehicle/TOY/2025/prius/1268/792/42a431585883356f610c869ec627b6b817f4ff91759217b35e37684c4fe8824a.png?wid=1600&fmt=webp-alpha&cropN=0.04,0.08,0.92,.84"
Limited AWD,"$36,765",https://www.toyota.com/configurator/build/step/model/year/2025/series/prius/model/1268/?bap_guid=dc541828-826f-4ce2-8755-5580889662bf,"https://tmnaassetscs.scene7.com/is/image/tmnaassetscs/vcr/live/vehicle/TOY/2025/prius/1268/848/4442d600248499ad97afd6ec4c940491b153c7c1b02cd4c39a9245cb9de9da96.png?wid=750&fmt=webp-alpha&cropN=0.1,0.16,0.78,0.8",49/50,Exterior,Midnight Black Metallic,Included,"https://tmnaassetscs.scene7.com/is/image/tmnaassetscs/vcr/live/vehicle/TOY/2025/prius/1268/279/739b1cbf132476260609147a41eb38c143164af6970ade718c4a09ff97b3ed47.png?wid=1600&fmt=webp-alpha&cropN=0.04,0.08,0.92,.84"
Limited AWD,"$36,765",https://www.toyota.com/configurator/build/step/model/year/2025/series/prius/model/1268/?bap_guid=dc541828-826f-4ce2-8755-5580889662bf,"https://tmnaassetscs.scene7.com/is/image/tmnaassetscs/vcr/live/vehicle/TOY/2025/prius/1268/848/4442d600248499ad97afd6ec4c940491b153c7c1b02cd4c39a9245cb9de9da96.png?wid=750&fmt=webp-alpha&cropN=0.1,0.16,0.78,0.8",49/50,Exterior,Supersonic Red *,$475,"https://tmnaassetscs.scene7.com/is/image/tmnaassetscs/vcr/live/vehicle/TOY/2025/prius/1268/888/433afb48ce3948a208a3d0745e8f5937ece2280ffb183f6b191f86223d2ba480.png?wid=1600&fmt=webp-alpha&cropN=0.04,0.08,0.92,.84"
Limited AWD,"$36,765",https://www.toyota.com/configurator/build/step/model/year/2025/series/prius/model/1268/?bap_guid=dc541828-826f-4ce2-8755-5580889662bf,"https://tmnaassetscs.scene7.com/is/image/tmnaassetscs/vcr/live/vehicle/TOY/2025/prius/1268/848/4442d600248499ad97afd6ec4c940491b153c7c1b02cd4c39a9245cb9de9da96.png?wid=750&fmt=webp-alpha&cropN=0.1,0.16,0.78,0.8",49/50,Exterior,Wind Chill Pearl *,$475,"https://tmnaassetscs.scene7.com/is/image/tmnaassetscs/vcr/live/vehicle/TOY/2025/prius/1268/275/e498d51ba68867ff49cda82568a19263736fbcc1dee58942581bc8a73d71dc18.png?wid=1600&fmt=webp-alpha&cropN=0.04,0.08,0.92,.84"
Limited AWD,"$36,765",https://www.toyota.com/configurator/build/step/model/year/2025/series/prius/model/1268/?bap_guid=dc541828-826f-4ce2-8755-5580889662bf,"https://tmnaassetscs.scene7.com/is/image/tmnaassetscs/vcr/live/vehicle/TOY/2025/prius/1268/848/4442d600248499ad97afd6ec4c940491b153c7c1b02cd4c39a9245cb9de9da96.png?wid=750&fmt=webp-alpha&cropN=0.1,0.16,0.78,0.8",49/50,Exterior,Reservoir Blue,Included,"https://tmnaassetscs.scene7.com/is/image/tmnaassetscs/vcr/live/vehicle/TOY/2025/prius/1268/83/2955d1a33cfee4630d374a65ca3bf769a5f9ed3c738f69f1cf0365fe2d465d3b.png?wid=1600&fmt=webp-alpha&cropN=0.04,0.08,0.92,.84"
Limited AWD,"$36,765",https://www.toyota.com/configurator/build/step/model/year/2025/series/prius/model/1268/?bap_guid=dc541828-826f-4ce2-8755-5580889662bf,"https://tmnaassetscs.scene7.com/is/image/tmnaassetscs/vcr/live/vehicle/TOY/2025/prius/1268/848/4442d600248499ad97afd6ec4c940491b153c7c1b02cd4c39a9245cb9de9da96.png?wid=750&fmt=webp-alpha&cropN=0.1,0.16,0.78,0.8",49/50,Interior,Lt. Gray,Included,
Limited AWD,"$36,765",https://www.toyota.com/configurator/build/step/model/year/2025/series/prius/model/1268/?bap_guid=dc541828-826f-4ce2-8755-5580889662bf,"https://tmnaassetscs.scene7.com/is/image/tmnaassetscs/vcr/live/vehicle/TOY/2025/prius/1268/848/4442d600248499ad97afd6ec4c940491b153c7c1b02cd4c39a9245cb9de9da96.png?wid=750&fmt=webp-alpha&cropN=0.1,0.16,0.78,0.8",49/50,Interior,Gradient Black,Included,
Limited AWD,"$36,765",https://www.toyota.com/configurator/build/step/model/year/2025/series/prius/model/1268/?bap_guid=dc541828-826f-4ce2-8755-5580889662bf,"https://tmnaassetscs.scene7.com/is/image/tmnaassetscs/vcr/live/vehicle/TOY/2025/prius/1268/848/4442d600248499ad97afd6ec4c940491b153c7c1b02cd4c39a9245cb9de9da96.png?wid=750&fmt=webp-alpha&cropN=0.1,0.16,0.78,0.8",49/50,Engine,2.0L 4-Cyl. Hybrid Engine,Included,
Limited AWD,"$36,765",https://www.toyota.com/configurator/build/step/model/year/2025/series/prius/model/1268/?bap_guid=dc541828-826f-4ce2-8755-5580889662bf,"https://tmnaassetscs.scene7.com/is/image/tmnaassetscs/vcr/live/vehicle/TOY/2025/prius/1268/848/4442d600248499ad97afd6ec4c940491b153c7c1b02cd4c39a9245cb9de9da96.png?wid=750&fmt=webp-alpha&cropN=0.1,0.16,0.78,0.8",49/50,Transmission,Electronically controlled Continuously Variable Transmission (ECVT),Included,
Limited AWD,"$36,765",https://www.toyota.com/configurator/build/step/model/year/2025/series/prius/model/1268/?bap_guid=dc541828-826f-4ce2-8755-5580889662bf,"https://tmnaassetscs.scene7.com/is/image/tmnaassetscs/vcr/live/vehicle/TOY/2025/prius/1268/848/4442d600248499ad97afd6ec4c940491b153c7c1b02cd4c39a9245cb9de9da96.png?wid=750&fmt=webp-alpha&cropN=0.1,0.16,0.78,0.8",49/50,Drivetrain,All-Wheel Drive,Included,
Limited AWD,"$36,765",https://www.toyota.com/configurator/build/step/model/year/2025/series/prius/model/1268/?bap_guid=dc541828-826f-4ce2-8755-5580889662bf,"https://tmnaassetscs.scene7.com/is/image/tmnaassetscs/vcr/live/vehicle/TOY/2025/prius/1268/848/4442d600248499ad97afd6ec4c940491b153c7c1b02cd4c39a9245cb9de9da96.png?wid=750&fmt=webp-alpha&cropN=0.1,0.16,0.78,0.8",49/50,Add-On,Digital rearview mirror,$200 MSRP,
Limited AWD,"$36,765",https://www.toyota.com/configurator/build/step/model/year/2025/series/prius/model/1268/?bap_guid=dc541828-826f-4ce2-8755-5580889662bf,"https://tmnaassetscs.scene7.com/is/image/tmnaassetscs/vcr/live/vehicle/TOY/2025/prius/1268/848/4442d600248499ad97afd6ec4c940491b153c7c1b02cd4c39a9245cb9de9da96.png?wid=750&fmt=webp-alpha&cropN=0.1,0.16,0.78,0.8",49/50,Add-On,Heated rear seats,$350 MSRP,
